"id","year","state_name","state_code","typ_residence","worker_type","hindu","muslim","jain","sikh","christian","buddhist","zoroastrian","other_religion","sc_workers","st_workers","obc_workers","no_schooling","edu_below_primary","edu_primary","edu_middle","edu_high_or_secondary","edu_higher_secondary","edu_grad_above","have_bank_acct","having_aadhar","part_time_worker","full_time_worker","independent_worker","wrk_under_master_weaver","wrk_undr_khadi_vlg_indust_cmsn_boards","wrk_undr_state_handloom_develp_corp","working_days","avg_working_days"
0,"2019-20","Andaman and Nicobar Islands","35","Rural","Allied worker","","","","","","","","","","","","","","","","","","","","","","","","","","","",""
1,"2019-20","Andaman and Nicobar Islands","35","Urban","Allied worker","","","","","","","","","","","","","","","","","","","","","","","","","","","",""
2,"2019-20","Andhra Pradesh","28","Rural","Allied worker",31444.0,340.0,0.0,2.0,8.0,1.0,0.0,3.0,1226.0,167.0,20507.0,11062.0,4979.0,7082.0,2885.0,3564.0,1252.0,931.0,17391.0,31678.0,6275.0,25523.0,8195.0,19292.0,242.0,215.0,8408949.0,264.0
3,"2019-20","Andhra Pradesh","28","Urban","Allied worker",17281.0,697.0,2.0,2.0,5.0,0.0,0.0,0.0,1245.0,367.0,14922.0,5742.0,1929.0,4569.0,2154.0,2235.0,701.0,643.0,9376.0,17844.0,1342.0,16645.0,4832.0,11476.0,24.0,511.0,5047908.0,281.0
4,"2019-20","Arunachal Pradesh","12","Rural","Allied worker",4962.0,40.0,4.0,7.0,6707.0,664.0,2.0,1577.0,623.0,12763.0,161.0,3473.0,689.0,1789.0,3130.0,2516.0,1572.0,615.0,59.0,9712.0,11958.0,2005.0,12238.0,1717.0,2.0,2.0,1816683.0,130.0
5,"2019-20","Arunachal Pradesh","12","Urban","Allied worker",1462.0,154.0,0.0,5.0,602.0,78.0,0.0,752.0,132.0,2135.0,502.0,532.0,129.0,342.0,653.0,670.0,457.0,263.0,3.0,2556.0,3038.0,15.0,2925.0,126.0,1.0,1.0,407307.0,133.0
6,"2019-20","Assam","18","Rural","Allied worker",117852.0,47701.0,28.0,89.0,3433.0,136.0,7.0,672.0,23185.0,21533.0,47148.0,46931.0,17587.0,23394.0,40074.0,24289.0,12789.0,4763.0,5489.0,8591.0,111866.0,58052.0,164315.0,5056.0,72.0,116.0,23719234.0,140.0
7,"2019-20","Assam","18","Urban","Allied worker",5240.0,1048.0,0.0,2.0,244.0,1.0,0.0,0.0,1508.0,1923.0,1260.0,1231.0,559.0,1398.0,1650.0,1063.0,452.0,178.0,79.0,198.0,4357.0,2178.0,6192.0,333.0,3.0,5.0,860910.0,132.0
8,"2019-20","Bihar","10","Rural","Allied worker",764.0,3192.0,0.0,2.0,1.0,1.0,0.0,0.0,443.0,2699.0,800.0,2163.0,287.0,674.0,383.0,236.0,157.0,59.0,156.0,3921.0,2800.0,1160.0,302.0,3644.0,0.0,6.0,622741.0,157.0
9,"2019-20","Bihar","10","Urban","Allied worker",870.0,800.0,0.0,0.0,0.0,0.0,1.0,0.0,619.0,636.0,413.0,759.0,118.0,301.0,141.0,173.0,108.0,68.0,51.0,1642.0,997.0,674.0,330.0,1318.0,1.0,2.0,298216.0,178.0
10,"2019-20","Himachal Pradesh","02","Urban","Allied worker","","","","","","","","","","","","","","","","","","","","","","","","","","","",""
11,"2019-20","Himachal Pradesh","02","Rural","Allied worker",440.0,0.0,0.0,0.0,0.0,11.0,0.0,0.0,144.0,37.0,35.0,45.0,24.0,77.0,55.0,96.0,140.0,14.0,226.0,444.0,279.0,172.0,191.0,120.0,0.0,0.0,87947.0,195.0
12,"2019-20","Chhattisgarh","22","Rural","Allied worker",6051.0,10.0,0.0,1.0,2.0,0.0,0.0,1.0,550.0,858.0,4575.0,831.0,691.0,1373.0,1367.0,843.0,751.0,208.0,114.0,4979.0,2113.0,3952.0,3114.0,1998.0,22.0,55.0,1821475.0,300.0
13,"2019-20","Chhattisgarh","22","Urban","Allied worker",1355.0,4.0,1.0,1.0,0.0,0.0,0.0,0.0,28.0,42.0,1277.0,283.0,137.0,289.0,269.0,194.0,136.0,53.0,198.0,1226.0,532.0,829.0,752.0,501.0,2.0,50.0,452565.0,333.0
14,"2019-20","Delhi","07","Rural","Allied worker",0.0,0.0,0.0,0.0,0.0,0.0,0.0,0.0,0.0,0.0,0.0,0.0,0.0,0.0,0.0,0.0,0.0,0.0,0.0,0.0,0.0,0.0,0.0,0.0,0.0,0.0,0.0,0.0
15,"2019-20","Delhi","07","Urban","Allied worker",411.0,638.0,0.0,0.0,0.0,0.0,0.0,0.0,232.0,77.0,521.0,376.0,24.0,224.0,184.0,110.0,93.0,38.0,0.0,977.0,308.0,741.0,298.0,102.0,0.0,1.0,263377.0,251.0
16,"2019-20","Goa","30","Rural","Allied worker",4.0,0.0,0.0,0.0,0.0,0.0,0.0,0.0,0.0,0.0,2.0,0.0,0.0,1.0,0.0,3.0,0.0,0.0,3.0,3.0,1.0,3.0,0.0,0.0,0.0,4.0,850.0,213.0
17,"2019-20","Goa","30","Urban","Allied worker",0.0,0.0,0.0,0.0,0.0,0.0,0.0,0.0,0.0,0.0,0.0,0.0,0.0,0.0,0.0,0.0,0.0,0.0,0.0,0.0,0.0,0.0,0.0,0.0,0.0,0.0,0.0,0.0
18,"2019-20","Gujarat","24","Rural","Allied worker",179.0,15.0,0.0,1.0,0.0,0.0,0.0,0.0,178.0,14.0,0.0,42.0,15.0,45.0,34.0,22.0,22.0,15.0,83.0,189.0,4.0,191.0,77.0,46.0,2.0,4.0,31134.0,160.0
19,"2019-20","Gujarat","24","Urban","Allied worker",123.0,103.0,0.0,1.0,0.0,0.0,0.0,0.0,84.0,0.0,21.0,18.0,30.0,57.0,35.0,49.0,25.0,13.0,82.0,224.0,36.0,191.0,66.0,110.0,4.0,17.0,49427.0,218.0
20,"2019-20","Haryana","06","Rural","Allied worker",0.0,2.0,0.0,0.0,0.0,0.0,0.0,0.0,0.0,0.0,2.0,1.0,0.0,1.0,0.0,0.0,0.0,0.0,0.0,2.0,2.0,0.0,2.0,0.0,0.0,0.0,600.0,300.0
21,"2019-20","Haryana","06","Urban","Allied worker",7949.0,1927.0,10.0,80.0,4.0,0.0,2.0,1154.0,581.0,2133.0,6951.0,4681.0,1643.0,1779.0,1507.0,881.0,523.0,110.0,32.0,11082.0,163.0,10963.0,10855.0,263.0,1.0,0.0,2847254.0,256.0
22,"2019-20","Himachal Pradesh","02","Urban","Allied worker",26.0,0.0,0.0,0.0,0.0,0.0,0.0,0.0,15.0,5.0,1.0,1.0,2.0,4.0,6.0,9.0,4.0,0.0,1.0,25.0,20.0,6.0,22.0,4.0,0.0,0.0,5755.0,221.0
23,"2019-20","Himachal Pradesh","02","Urban","Handloom worker","","","","","","","","","","","","","","","","","","","","","","","","","","","",""
24,"2019-20","Jammu and Kashmir","01","Rural","Allied worker",277.0,3111.0,0.0,3.0,1.0,120.0,0.0,3.0,67.0,1276.0,193.0,1601.0,254.0,355.0,461.0,443.0,297.0,104.0,811.0,3041.0,2585.0,930.0,2617.0,831.0,17.0,48.0,552384.0,157.0
25,"2019-20","Jammu and Kashmir","01","Urban","Allied worker",90.0,3929.0,0.0,7.0,0.0,2.0,0.0,1.0,70.0,10.0,30.0,2089.0,105.0,268.0,613.0,482.0,287.0,185.0,594.0,2828.0,2288.0,1741.0,2063.0,1894.0,0.0,0.0,887497.0,220.0
26,"2019-20","Jharkhand","20","Rural","Allied worker",1911.0,5423.0,0.0,3.0,8.0,0.0,0.0,10.0,1539.0,1493.0,4282.0,1450.0,2546.0,1376.0,937.0,583.0,359.0,104.0,599.0,7311.0,2979.0,4376.0,2068.0,4668.0,13.0,418.0,1269867.0,173.0
27,"2019-20","Jharkhand","20","Urban","Allied worker",234.0,2539.0,1.0,2.0,1.0,0.0,0.0,1.0,15.0,151.0,2581.0,848.0,949.0,329.0,321.0,191.0,95.0,45.0,422.0,2752.0,1850.0,928.0,171.0,1729.0,6.0,136.0,519428.0,187.0
28,"2019-20","Karnataka","29","Rural","Allied worker",22573.0,1094.0,2.0,4.0,116.0,0.0,0.0,3.0,1037.0,1226.0,13027.0,9941.0,3352.0,2390.0,2876.0,3253.0,1411.0,559.0,9528.0,23500.0,4130.0,19662.0,12950.0,3772.0,3228.0,936.0,6304618.0,265.0
29,"2019-20","Karnataka","29","Urban","Allied worker",3535.0,288.0,0.0,0.0,1.0,0.0,0.0,0.0,48.0,47.0,1527.0,1216.0,418.0,413.0,629.0,666.0,324.0,158.0,1197.0,3761.0,184.0,3640.0,1913.0,1631.0,42.0,65.0,1047049.0,274.0
30,"2019-20","Kerala","32","Rural","Allied worker",3541.0,46.0,0.0,0.0,331.0,1.0,0.0,0.0,139.0,24.0,3132.0,131.0,730.0,978.0,1076.0,714.0,204.0,85.0,3731.0,3918.0,19.0,3900.0,143.0,1493.0,24.0,7.0,841009.0,215.0
31,"2019-20","Kerala","32","Urban","Allied worker",2506.0,15.0,0.0,1.0,162.0,0.0,1.0,0.0,45.0,20.0,2422.0,15.0,384.0,700.0,692.0,643.0,169.0,82.0,2415.0,2685.0,5.0,2680.0,164.0,2206.0,0.0,17.0,549781.0,205.0
32,"2019-20","Ladakh","37","Rural","Allied worker","","","","","","","","","","","","","","","","","","","","","","","","","","","",""
33,"2019-20","Ladakh","37","Urban","Allied worker","","","","","","","","","","","","","","","","","","","","","","","","","","","",""
34,"2019-20","Lakshadweep","31","Rural","Allied worker","","","","","","","","","","","","","","","","","","","","","","","","","","","",""
35,"2019-20","Lakshadweep","31","Urban","Allied worker","","","","","","","","","","","","","","","","","","","","","","","","","","","",""
36,"2019-20","Madhya Pradesh","23","Rural","Allied worker",1355.0,2178.0,11.0,3.0,2.0,0.0,0.0,2.0,344.0,369.0,2150.0,1016.0,461.0,632.0,662.0,363.0,271.0,144.0,2084.0,3519.0,252.0,3299.0,2214.0,1142.0,1.0,39.0,842245.0,237.0
37,"2019-20","Madhya Pradesh","23","Urban","Allied worker",541.0,1173.0,1.0,1.0,0.0,0.0,0.0,0.0,57.0,28.0,1254.0,280.0,236.0,348.0,366.0,228.0,146.0,112.0,1084.0,1700.0,125.0,1591.0,1156.0,497.0,3.0,30.0,424769.0,248.0
38,"2019-20","Maharashtra","27","Rural","Allied worker",143.0,0.0,0.0,0.0,0.0,0.0,0.0,0.0,10.0,14.0,104.0,28.0,28.0,20.0,16.0,24.0,22.0,5.0,19.0,138.0,34.0,109.0,38.0,92.0,0.0,7.0,25478.0,178.0
39,"2019-20","Maharashtra","27","Urban","Allied worker",435.0,33.0,0.0,0.0,0.0,0.0,0.0,16.0,29.0,22.0,390.0,70.0,45.0,49.0,74.0,127.0,73.0,45.0,146.0,480.0,229.0,255.0,148.0,277.0,0.0,4.0,104720.0,216.0
40,"2019-20","Manipur","14","Rural","Allied worker",4626.0,463.0,0.0,3.0,5212.0,54.0,0.0,475.0,557.0,5185.0,3650.0,992.0,656.0,1486.0,3100.0,2360.0,1275.0,904.0,2207.0,10457.0,7245.0,3588.0,9525.0,1206.0,4.0,85.0,1878608.0,173.0
41,"2019-20","Manipur","14","Urban","Allied worker",1086.0,150.0,0.0,0.0,34.0,0.0,0.0,100.0,453.0,37.0,466.0,201.0,71.0,105.0,350.0,272.0,222.0,147.0,448.0,1311.0,430.0,940.0,1012.0,339.0,1.0,15.0,347308.0,254.0
42,"2019-20","Meghalaya","17","Rural","Allied worker",640.0,190.0,0.0,0.0,716.0,4.0,0.0,2.0,602.0,729.0,27.0,175.0,35.0,418.0,572.0,279.0,64.0,9.0,65.0,16.0,1509.0,43.0,1341.0,204.0,0.0,1.0,229793.0,148.0
43,"2019-20","Meghalaya","17","Urban","Allied worker",1.0,0.0,0.0,0.0,0.0,0.0,0.0,0.0,0.0,1.0,0.0,0.0,0.0,0.0,1.0,0.0,0.0,0.0,0.0,0.0,0.0,1.0,0.0,0.0,0.0,0.0,250.0,250.0
44,"2019-20","Mizoram","15","Rural","Allied worker",3.0,0.0,0.0,3.0,7094.0,13.0,0.0,0.0,6.0,7097.0,9.0,157.0,1059.0,1838.0,2227.0,1157.0,476.0,199.0,545.0,5890.0,6968.0,145.0,3267.0,3827.0,1.0,11.0,769080.0,108.0
45,"2019-20","Mizoram","15","Urban","Allied worker",18.0,4.0,0.0,0.0,3106.0,1.0,0.0,0.0,10.0,3101.0,15.0,61.0,301.0,553.0,1010.0,658.0,359.0,187.0,174.0,2619.0,2975.0,154.0,784.0,2314.0,0.0,3.0,212507.0,68.0
46,"2019-20","Nagaland","13","Rural","Allied worker",30.0,3.0,0.0,2.0,3599.0,3.0,0.0,1.0,8.0,3585.0,12.0,133.0,264.0,707.0,1383.0,637.0,288.0,204.0,1650.0,3368.0,3167.0,471.0,3371.0,240.0,3.0,17.0,292092.0,80.0
47,"2019-20","Nagaland","13","Urban","Allied worker",435.0,23.0,0.0,1.0,3431.0,5.0,0.0,1.0,83.0,3393.0,46.0,267.0,99.0,372.0,884.0,991.0,586.0,679.0,3120.0,3629.0,3641.0,255.0,3733.0,33.0,120.0,9.0,202671.0,52.0
48,"2019-20","Odisha","21","Rural","Allied worker",60730.0,88.0,4.0,6.0,219.0,1125.0,7.0,32.0,4612.0,7875.0,39841.0,7801.0,11820.0,16093.0,10763.0,9866.0,4140.0,1692.0,11102.0,59796.0,20322.0,41889.0,43095.0,13318.0,24.0,201.0,15828077.0,254.0
49,"2019-20","Odisha","21","Urban","Allied worker",2141.0,11.0,0.0,0.0,0.0,1.0,0.0,0.0,43.0,235.0,1243.0,232.0,307.0,607.0,449.0,342.0,175.0,41.0,626.0,2030.0,912.0,1241.0,1820.0,187.0,0.0,46.0,566563.0,263.0
50,"2019-20","Puducherry","34","Rural","Allied worker",87.0,0.0,0.0,0.0,0.0,0.0,0.0,0.0,0.0,0.0,52.0,10.0,8.0,21.0,20.0,15.0,6.0,6.0,8.0,87.0,3.0,84.0,5.0,6.0,0.0,0.0,18744.0,215.0
51,"2019-20","Puducherry","34","Urban","Allied worker",687.0,1.0,0.0,0.0,7.0,0.0,0.0,0.0,0.0,1.0,94.0,163.0,113.0,213.0,109.0,66.0,20.0,9.0,269.0,691.0,1.0,694.0,4.0,1.0,2.0,0.0,100163.0,144.0
52,"2019-20","Punjab","03","Rural","Allied worker",2.0,1.0,0.0,16.0,1.0,0.0,0.0,0.0,18.0,0.0,2.0,12.0,0.0,3.0,2.0,1.0,2.0,0.0,2.0,19.0,4.0,16.0,19.0,1.0,0.0,0.0,4764.0,238.0
53,"2019-20","Punjab","03","Urban","Allied worker",148.0,84.0,0.0,81.0,3.0,0.0,2.0,0.0,168.0,36.0,55.0,108.0,12.0,68.0,58.0,41.0,24.0,7.0,112.0,316.0,46.0,272.0,256.0,59.0,1.0,2.0,75109.0,236.0
54,"2019-20","Rajasthan","08","Rural","Allied worker",1077.0,37.0,0.0,0.0,0.0,0.0,0.0,0.0,973.0,14.0,103.0,622.0,94.0,128.0,110.0,84.0,36.0,40.0,908.0,1095.0,574.0,540.0,672.0,130.0,209.0,2.0,155962.0,140.0
55,"2019-20","Rajasthan","08","Urban","Allied worker",285.0,4.0,0.0,0.0,0.0,0.0,0.0,0.0,278.0,2.0,7.0,118.0,7.0,43.0,52.0,29.0,18.0,22.0,240.0,281.0,267.0,22.0,154.0,21.0,0.0,0.0,15693.0,54.0
56,"2019-20","Sikkim","11","Rural","Allied worker",26.0,0.0,0.0,0.0,2.0,32.0,0.0,0.0,2.0,35.0,23.0,3.0,7.0,15.0,19.0,12.0,3.0,1.0,56.0,59.0,42.0,18.0,57.0,2.0,0.0,1.0,3991.0,67.0
57,"2019-20","Sikkim","11","Urban","Allied worker",3.0,0.0,0.0,0.0,0.0,2.0,0.0,0.0,1.0,2.0,2.0,0.0,1.0,2.0,2.0,0.0,0.0,0.0,5.0,5.0,0.0,5.0,5.0,0.0,0.0,0.0,1500.0,300.0
58,"2019-20","Tamil Nadu","33","Rural","Allied worker",33405.0,123.0,3.0,5.0,656.0,0.0,90.0,8.0,1626.0,778.0,16382.0,6493.0,5424.0,9851.0,4976.0,3409.0,2012.0,1942.0,9941.0,34080.0,7647.0,26643.0,10777.0,11978.0,39.0,57.0,7579597.0,221.0
59,"2019-20","Tamil Nadu","33","Urban","Allied worker",10627.0,386.0,0.0,1.0,363.0,0.0,90.0,0.0,268.0,178.0,4754.0,2176.0,1485.0,3408.0,1537.0,1324.0,703.0,801.0,4405.0,11437.0,3560.0,7907.0,2976.0,3465.0,29.0,18.0,2807230.0,245.0
60,"2019-20","Telangana","36","Rural","Allied worker",14655.0,201.0,0.0,1.0,27.0,0.0,0.0,0.0,534.0,100.0,12758.0,5625.0,1448.0,2048.0,1082.0,2024.0,1258.0,1372.0,8287.0,14827.0,2894.0,11990.0,5039.0,6835.0,586.0,107.0,3793317.0,255.0
61,"2019-20","Telangana","36","Urban","Allied worker",6918.0,115.0,1.0,1.0,1.0,1.0,1.0,0.0,49.0,80.0,4515.0,2245.0,623.0,1075.0,622.0,1117.0,655.0,693.0,3833.0,7018.0,2032.0,5006.0,1948.0,3810.0,160.0,31.0,1744519.0,248.0
62,"2019-20","The Dadra and Nagar Haveli and Daman and Diu","38","Rural","Allied worker","","","","","","","","","","","","","","","","","","","","","","","","","","","",""
63,"2019-20","The Dadra and Nagar Haveli and Daman and Diu","38","Urban","Allied worker","","","","","","","","","","","","","","","","","","","","","","","","","","","",""
64,"2019-20","Tripura","16","Rural","Allied worker",20861.0,1944.0,2.0,3.0,793.0,1395.0,0.0,21.0,6525.0,8568.0,3354.0,4000.0,4828.0,4685.0,7025.0,2814.0,1001.0,598.0,499.0,24614.0,22360.0,2659.0,23566.0,972.0,20.0,255.0,3077858.0,123.0
65,"2019-20","Tripura","16","Urban","Allied worker",401.0,3.0,1.0,2.0,3.0,282.0,0.0,1.0,64.0,370.0,119.0,111.0,52.0,167.0,187.0,136.0,33.0,7.0,2.0,663.0,569.0,124.0,633.0,54.0,1.0,2.0,60915.0,88.0
66,"2019-20","Uttar Pradesh","09","Rural","Allied worker",11647.0,30881.0,1.0,27.0,6.0,3.0,1.0,102.0,5694.0,2120.0,34175.0,22591.0,4005.0,6677.0,3972.0,2430.0,1856.0,901.0,14461.0,40964.0,15440.0,27228.0,22641.0,18387.0,73.0,58.0,10291303.0,241.0
67,"2019-20","Uttar Pradesh","09","Urban","Allied worker",3198.0,14295.0,1.0,8.0,3.0,3.0,0.0,3.0,2071.0,1019.0,14154.0,8155.0,1264.0,2890.0,1871.0,1461.0,1123.0,741.0,6441.0,16593.0,7294.0,10217.0,5264.0,9235.0,58.0,59.0,4314286.0,246.0
68,"2019-20","Uttarakhand","05","Rural","Allied worker",748.0,1031.0,0.0,104.0,0.0,0.0,0.0,5.0,151.0,415.0,1211.0,1166.0,29.0,151.0,177.0,189.0,96.0,78.0,611.0,1873.0,542.0,1346.0,1058.0,688.0,1.0,6.0,456580.0,242.0
69,"2019-20","Uttarakhand","05","Urban","Allied worker",183.0,2510.0,0.0,2.0,0.0,0.0,0.0,11.0,29.0,71.0,2571.0,1759.0,68.0,147.0,237.0,306.0,145.0,44.0,1442.0,2697.0,365.0,2341.0,1454.0,1127.0,2.0,11.0,716261.0,265.0
70,"2019-20","West Bengal","19","Rural","Allied worker",161404.0,60532.0,8.0,396.0,610.0,17.0,13.0,576.0,46974.0,18701.0,37146.0,48248.0,57695.0,42606.0,36531.0,17157.0,8194.0,3492.0,38538.0,216993.0,99155.0,124401.0,91443.0,115850.0,2680.0,5552.0,48505298.0,217.0
71,"2019-20","West Bengal","19","Urban","Allied worker",34949.0,6235.0,0.0,46.0,0.0,1.0,3.0,1.0,8176.0,1364.0,5083.0,5042.0,11818.0,10691.0,7567.0,3314.0,1910.0,877.0,1875.0,40807.0,18168.0,23067.0,5732.0,33250.0,584.0,427.0,9783076.0,237.0
72,"2019-20","Andaman and Nicobar Islands","35","Rural","Handloom worker","","","","","","","","","","","","","","","","","","","","","","","","","","","",""
73,"2019-20","Andaman and Nicobar Islands","35","Urban","Handloom worker","","","","","","","","","","","","","","","","","","","","","","","","","","","",""
74,"2019-20","Andhra Pradesh","28","Rural","Handloom worker",107740.0,1944.0,0.0,13.0,62.0,1.0,1.0,15.0,4209.0,1249.0,71770.0,36300.0,15494.0,24924.0,10900.0,14257.0,4356.0,3545.0,64063.0,109371.0,8701.0,101075.0,47050.0,48932.0,404.0,809.0,31079155.0,283.0
75,"2019-20","Andhra Pradesh","28","Urban","Handloom worker",64918.0,2701.0,4.0,18.0,26.0,2.0,0.0,2.0,3419.0,953.0,57328.0,19315.0,6485.0,17158.0,9235.0,9912.0,2941.0,2625.0,46191.0,67261.0,2141.0,65530.0,27687.0,36596.0,58.0,910.0,20957290.0,310.0
76,"2019-20","Arunachal Pradesh","12","Rural","Handloom worker",32669.0,598.0,47.0,199.0,33540.0,14192.0,15.0,3929.0,6866.0,60594.0,4800.0,27642.0,5432.0,11716.0,17741.0,13624.0,6436.0,2598.0,942.0,66032.0,59968.0,25221.0,80780.0,3441.0,308.0,610.0,12174140.0,143.0
77,"2019-20","Arunachal Pradesh","12","Urban","Handloom worker",4753.0,446.0,3.0,14.0,2851.0,289.0,1.0,1070.0,413.0,6423.0,631.0,2423.0,255.0,847.0,1559.0,1868.0,1551.0,924.0,5.0,7754.0,9333.0,94.0,9148.0,265.0,8.0,2.0,1292277.0,137.0
78,"2019-20","Assam","18","Rural","Handloom worker",1068656.0,176631.0,67.0,567.0,17542.0,632.0,34.0,2394.0,202118.0,234762.0,425543.0,284112.0,132211.0,172927.0,337749.0,194424.0,106937.0,38163.0,87837.0,48117.0,991349.0,275174.0,1250142.0,11928.0,1292.0,2084.0,210929647.0,167.0
79,"2019-20","Assam","18","Urban","Handloom worker",14508.0,2437.0,1.0,5.0,403.0,4.0,0.0,0.0,3965.0,3557.0,4065.0,2783.0,1847.0,2879.0,4500.0,3036.0,1525.0,788.0,520.0,1019.0,13024.0,4334.0,16905.0,420.0,12.0,13.0,2812254.0,162.0
80,"2019-20","Bihar","10","Rural","Handloom worker",2133.0,6894.0,0.0,10.0,2.0,2.0,0.0,0.0,1276.0,5974.0,1726.0,4762.0,610.0,1602.0,822.0,617.0,414.0,214.0,515.0,8956.0,3904.0,5137.0,3212.0,5795.0,4.0,16.0,1627642.0,180.0
81,"2019-20","Bihar","10","Urban","Handloom worker",1813.0,1990.0,1.0,0.0,0.0,0.0,2.0,0.0,1393.0,1224.0,1178.0,1694.0,291.0,626.0,363.0,384.0,259.0,189.0,193.0,3726.0,1355.0,2451.0,1886.0,1874.0,1.0,9.0,783725.0,206.0
82,"2019-20","Himachal Pradesh","02","Rural","Handloom worker",12731.0,50.0,2.0,7.0,1.0,582.0,0.0,0.0,4233.0,2142.0,1384.0,3559.0,857.0,2674.0,1843.0,2184.0,1770.0,486.0,717.0,13226.0,11892.0,1481.0,12823.0,367.0,5.0,8.0,3751063.0,280.0
83,"2019-20","Himachal Pradesh","02","Urban","Handloom worker",314.0,0.0,0.0,1.0,0.0,0.0,0.0,0.0,169.0,40.0,3.0,24.0,22.0,74.0,62.0,79.0,43.0,11.0,25.0,312.0,194.0,121.0,295.0,19.0,0.0,0.0,85060.0,270.0
84,"2019-20","Chhattisgarh","22","Rural","Handloom worker",17642.0,34.0,0.0,4.0,3.0,2.0,0.0,3.0,2222.0,1920.0,13403.0,2073.0,1707.0,4028.0,4532.0,2529.0,2072.0,747.0,1084.0,16511.0,2429.0,15259.0,11990.0,3181.0,48.0,717.0,5144392.0,291.0
85,"2019-20","Chhattisgarh","22","Urban","Handloom worker",3800.0,8.0,3.0,4.0,0.0,0.0,0.0,0.0,80.0,88.0,3628.0,623.0,396.0,838.0,766.0,549.0,458.0,185.0,445.0,3655.0,663.0,3152.0,2844.0,684.0,3.0,143.0,1205515.0,316.0
86,"2019-20","Delhi","07","Rural","Handloom worker",0.0,0.0,0.0,0.0,0.0,0.0,0.0,0.0,0.0,0.0,0.0,0.0,0.0,0.0,0.0,0.0,0.0,0.0,0.0,0.0,0.0,0.0,0.0,0.0,0.0,0.0,0.0,0.0
87,"2019-20","Delhi","07","Urban","Handloom worker",3181.0,1069.0,0.0,0.0,0.0,0.0,0.0,35.0,2169.0,808.0,1019.0,1589.0,102.0,837.0,744.0,519.0,379.0,115.0,0.0,4172.0,618.0,3667.0,2950.0,488.0,1.0,1.0,1208135.0,282.0
88,"2019-20","Goa","30","Rural","Handloom worker",24.0,0.0,0.0,0.0,0.0,0.0,0.0,0.0,1.0,0.0,9.0,0.0,0.0,2.0,6.0,12.0,4.0,0.0,20.0,23.0,3.0,21.0,1.0,0.0,0.0,22.0,5850.0,244.0
89,"2019-20","Goa","30","Urban","Handloom worker",2.0,0.0,0.0,0.0,0.0,0.0,0.0,0.0,0.0,0.0,2.0,0.0,0.0,0.0,0.0,0.0,2.0,0.0,2.0,2.0,0.0,2.0,0.0,0.0,0.0,2.0,400.0,200.0
90,"2019-20","Gujarat","24","Rural","Handloom worker",8346.0,97.0,0.0,1.0,1.0,0.0,0.0,1.0,8323.0,51.0,37.0,1964.0,1132.0,2069.0,1228.0,1110.0,558.0,385.0,1564.0,8137.0,472.0,7974.0,5615.0,573.0,585.0,266.0,1846854.0,219.0
91,"2019-20","Gujarat","24","Urban","Handloom worker",1963.0,188.0,3.0,1.0,0.0,0.0,0.0,0.0,1869.0,19.0,41.0,314.0,238.0,421.0,494.0,368.0,151.0,169.0,540.0,2079.0,181.0,1974.0,1034.0,515.0,69.0,61.0,511774.0,237.0
92,"2019-20","Haryana","06","Rural","Handloom worker",74.0,88.0,1.0,63.0,0.0,0.0,0.0,0.0,63.0,77.0,85.0,73.0,2.0,34.0,44.0,46.0,24.0,3.0,27.0,223.0,20.0,206.0,196.0,30.0,0.0,0.0,64476.0,285.0
93,"2019-20","Haryana","06","Urban","Handloom worker",15680.0,4829.0,38.0,340.0,14.0,7.0,25.0,4383.0,1598.0,4081.0,16816.0,9063.0,3191.0,4599.0,4076.0,2557.0,1459.0,371.0,124.0,25157.0,354.0,24962.0,24371.0,554.0,24.0,7.0,6878646.0,272.0
94,"2019-20","Chandigarh","04","Rural","Allied worker","","","","","","","","","","","","","","","","","","","","","","","","","","","",""
95,"2019-20","Chandigarh","04","Rural","Handloom worker","","","","","","","","","","","","","","","","","","","","","","","","","","","",""
96,"2019-20","Jammu and Kashmir","01","Rural","Handloom worker",584.0,11176.0,0.0,12.0,3.0,490.0,2.0,5.0,173.0,6019.0,690.0,4701.0,1432.0,1065.0,1842.0,1666.0,1245.0,321.0,4709.0,11119.0,6853.0,5419.0,9840.0,2092.0,102.0,190.0,1896435.0,155.0
97,"2019-20","Jammu and Kashmir","01","Urban","Handloom worker",548.0,10493.0,0.0,11.0,0.0,2.0,0.0,2.0,301.0,43.0,129.0,4899.0,394.0,983.0,2065.0,1436.0,847.0,432.0,2086.0,8503.0,2625.0,8431.0,6774.0,3944.0,6.0,29.0,2873838.0,260.0
98,"2019-20","Jharkhand","20","Rural","Handloom worker",4664.0,12959.0,0.0,4.0,23.0,0.0,1.0,146.0,3340.0,4026.0,10325.0,4376.0,4440.0,3626.0,2383.0,1657.0,963.0,352.0,4451.0,17723.0,4153.0,13644.0,9143.0,5960.0,216.0,2124.0,3422556.0,192.0
99,"2019-20","Jharkhand","20","Urban","Handloom worker",395.0,4288.0,1.0,5.0,8.0,0.0,0.0,3.0,52.0,240.0,4255.0,1279.0,1180.0,792.0,649.0,441.0,238.0,121.0,1458.0,4671.0,2295.0,2405.0,876.0,1898.0,7.0,218.0,908782.0,193.0
100,"2019-20","Karnataka","29","Rural","Handloom worker",43591.0,2267.0,4.0,6.0,474.0,1.0,0.0,14.0,2265.0,2332.0,27871.0,16381.0,6560.0,5005.0,6588.0,7167.0,3281.0,1375.0,24566.0,45805.0,6302.0,40055.0,26957.0,7154.0,4144.0,1839.0,12458958.0,269.0
101,"2019-20","Karnataka","29","Urban","Handloom worker",7909.0,521.0,0.0,3.0,1.0,0.0,0.0,0.0,93.0,128.0,4158.0,2269.0,1148.0,1042.0,1440.0,1564.0,619.0,352.0,4103.0,8288.0,331.0,8103.0,5483.0,2344.0,60.0,115.0,2319857.0,275.0
102,"2019-20","Kerala","32","Rural","Handloom worker",14314.0,141.0,1.0,0.0,1467.0,3.0,0.0,2.0,841.0,98.0,12452.0,599.0,3425.0,4341.0,4341.0,2376.0,635.0,211.0,15373.0,15923.0,46.0,15882.0,1429.0,2231.0,56.0,40.0,3587767.0,225.0
103,"2019-20","Kerala","32","Urban","Handloom worker",5709.0,44.0,0.0,1.0,400.0,1.0,1.0,0.0,128.0,35.0,5421.0,56.0,934.0,1619.0,1528.0,1480.0,378.0,161.0,5698.0,6154.0,11.0,6145.0,1914.0,2948.0,0.0,72.0,1367994.0,222.0
104,"2019-20","Ladakh","37","Rural","Handloom worker","","","","","","","","","","","","","","","","","","","","","","","","","","","",""
105,"2019-20","Ladakh","37","Urban","Handloom worker","","","","","","","","","","","","","","","","","","","","","","","","","","","",""
106,"2019-20","Lakshadweep","31","Rural","Handloom worker","","","","","","","","","","","","","","","","","","","","","","","","","","","",""
107,"2019-20","Lakshadweep","31","Urban","Handloom worker","","","","","","","","","","","","","","","","","","","","","","","","","","","",""
108,"2019-20","Madhya Pradesh","23","Rural","Handloom worker",4740.0,4827.0,32.0,4.0,6.0,0.0,0.0,3.0,1558.0,864.0,5957.0,2048.0,1367.0,2282.0,1868.0,950.0,665.0,432.0,5269.0,9472.0,1206.0,8406.0,4487.0,4247.0,6.0,144.0,2232151.0,232.0
109,"2019-20","Madhya Pradesh","23","Urban","Handloom worker",3472.0,4978.0,6.0,3.0,1.0,0.0,0.0,0.0,1593.0,167.0,5846.0,1628.0,735.0,2412.0,1678.0,903.0,552.0,552.0,5205.0,8254.0,876.0,7584.0,2415.0,5770.0,7.0,135.0,2201846.0,260.0
110,"2019-20","Maharashtra","27","Rural","Handloom worker",962.0,37.0,6.0,0.0,0.0,3.0,0.0,0.0,103.0,101.0,442.0,69.0,66.0,94.0,162.0,282.0,253.0,82.0,135.0,986.0,170.0,838.0,752.0,188.0,1.0,12.0,282049.0,280.0
111,"2019-20","Maharashtra","27","Urban","Handloom worker",2151.0,314.0,8.0,1.0,0.0,8.0,1.0,18.0,135.0,123.0,1718.0,221.0,141.0,253.0,459.0,653.0,496.0,278.0,619.0,2479.0,454.0,2047.0,1833.0,551.0,1.0,5.0,742793.0,297.0
112,"2019-20","Manipur","14","Rural","Handloom worker",97402.0,20425.0,11.0,68.0,64218.0,121.0,15.0,12866.0,5613.0,64343.0,79233.0,24478.0,14173.0,24432.0,54273.0,40174.0,23015.0,14581.0,45485.0,188514.0,77626.0,117500.0,189436.0,4961.0,82.0,172.0,41872442.0,215.0
113,"2019-20","Manipur","14","Urban","Handloom worker",20963.0,2687.0,1.0,11.0,3228.0,12.0,5.0,2651.0,1905.0,3455.0,16971.0,3277.0,1962.0,3141.0,7376.0,6168.0,4176.0,3458.0,8452.0,28672.0,9709.0,19849.0,27423.0,2030.0,19.0,58.0,6718085.0,227.0
114,"2019-20","Meghalaya","17","Rural","Handloom worker",13308.0,22182.0,3.0,33.0,6450.0,126.0,0.0,564.0,5613.0,13309.0,1131.0,17032.0,5286.0,6058.0,7222.0,4213.0,2038.0,817.0,814.0,992.0,36750.0,5916.0,41188.0,1355.0,16.0,57.0,5269279.0,124.0
115,"2019-20","Meghalaya","17","Urban","Handloom worker",23.0,0.0,0.0,0.0,77.0,1.0,0.0,7.0,7.0,98.0,2.0,6.0,0.0,17.0,49.0,27.0,6.0,3.0,0.0,0.0,89.0,19.0,100.0,6.0,1.0,0.0,17436.0,161.0
116,"2019-20","Mizoram","15","Rural","Handloom worker",8.0,1.0,1.0,6.0,20534.0,660.0,0.0,2.0,40.0,21156.0,13.0,798.0,3034.0,5338.0,6641.0,3635.0,1257.0,509.0,4484.0,18487.0,15377.0,5835.0,16780.0,4369.0,7.0,19.0,2565125.0,121.0
117,"2019-20","Mizoram","15","Urban","Handloom worker",24.0,4.0,0.0,2.0,6294.0,3.0,0.0,1.0,15.0,6291.0,17.0,138.0,611.0,1165.0,1990.0,1397.0,681.0,346.0,747.0,5186.0,4629.0,1699.0,3583.0,2693.0,2.0,11.0,669624.0,106.0
118,"2019-20","Nagaland","13","Rural","Handloom worker",1113.0,14.0,1.0,7.0,31132.0,11.0,2.0,9.0,171.0,31712.0,285.0,2653.0,4337.0,7601.0,10367.0,4908.0,1548.0,875.0,8679.0,26659.0,28622.0,3667.0,31688.0,444.0,73.0,46.0,2854252.0,88.0
119,"2019-20","Nagaland","13","Urban","Handloom worker",758.0,48.0,0.0,5.0,10370.0,10.0,0.0,4.0,189.0,10245.0,153.0,618.0,339.0,1507.0,3065.0,2769.0,1522.0,1375.0,5913.0,9603.0,10003.0,1192.0,10537.0,107.0,493.0,53.0,909295.0,81.0
120,"2019-20","Odisha","21","Rural","Handloom worker",111239.0,284.0,7.0,22.0,373.0,2348.0,10.0,54.0,7656.0,14773.0,75161.0,11771.0,21111.0,32255.0,21358.0,17625.0,7128.0,3089.0,26529.0,110498.0,29548.0,84789.0,78529.0,23901.0,50.0,273.0,29633303.0,259.0
121,"2019-20","Odisha","21","Urban","Handloom worker",3441.0,14.0,0.0,2.0,0.0,42.0,0.0,0.0,64.0,335.0,2146.0,339.0,470.0,1063.0,774.0,537.0,248.0,68.0,1025.0,3359.0,1196.0,2303.0,3100.0,218.0,1.0,47.0,938090.0,268.0
122,"2019-20","Puducherry","34","Rural","Handloom worker",260.0,0.0,0.0,0.0,0.0,0.0,0.0,0.0,0.0,0.0,225.0,28.0,20.0,76.0,46.0,47.0,24.0,19.0,46.0,260.0,6.0,254.0,10.0,23.0,0.0,0.0,62303.0,240.0
123,"2019-20","Puducherry","34","Urban","Handloom worker",1406.0,5.0,0.0,0.0,19.0,0.0,0.0,0.0,0.0,7.0,800.0,337.0,199.0,431.0,237.0,158.0,41.0,27.0,752.0,1426.0,1.0,1429.0,64.0,1.0,2.0,0.0,316337.0,221.0
124,"2019-20","Punjab","03","Rural","Handloom worker",17.0,10.0,0.0,93.0,1.0,0.0,0.0,0.0,107.0,2.0,10.0,57.0,2.0,22.0,15.0,16.0,8.0,1.0,23.0,120.0,17.0,104.0,120.0,1.0,0.0,0.0,34192.0,283.0
125,"2019-20","Punjab","03","Urban","Handloom worker",299.0,335.0,0.0,159.0,50.0,0.0,4.0,1.0,352.0,148.0,236.0,326.0,29.0,175.0,138.0,110.0,56.0,14.0,207.0,842.0,70.0,778.0,701.0,139.0,1.0,6.0,185407.0,219.0
126,"2019-20","Rajasthan","08","Rural","Handloom worker",4814.0,2116.0,5.0,6.0,0.0,0.0,0.0,0.0,4102.0,410.0,2068.0,3127.0,478.0,1137.0,1027.0,533.0,323.0,316.0,4296.0,6813.0,1296.0,5645.0,3202.0,2550.0,966.0,17.0,1394248.0,201.0
127,"2019-20","Rajasthan","08","Urban","Handloom worker",1008.0,2139.0,0.0,1.0,1.0,0.0,0.0,0.0,934.0,132.0,1870.0,1058.0,227.0,638.0,582.0,284.0,183.0,177.0,1560.0,3093.0,875.0,2274.0,1262.0,1478.0,5.0,2.0,624266.0,198.0
128,"2019-20","Sikkim","11","Rural","Handloom worker",321.0,0.0,0.0,0.0,66.0,302.0,0.0,1.0,23.0,370.0,256.0,104.0,90.0,225.0,156.0,86.0,21.0,8.0,601.0,679.0,534.0,156.0,582.0,26.0,0.0,81.0,55356.0,80.0
129,"2019-20","Sikkim","11","Urban","Handloom worker",4.0,0.0,0.0,0.0,0.0,3.0,0.0,0.0,1.0,3.0,3.0,0.0,1.0,3.0,2.0,1.0,0.0,0.0,7.0,7.0,0.0,7.0,6.0,1.0,0.0,0.0,1885.0,269.0
130,"2019-20","Tamil Nadu","33","Rural","Handloom worker",166336.0,463.0,12.0,18.0,1956.0,3.0,1262.0,107.0,11875.0,1693.0,59667.0,31221.0,25741.0,52939.0,25747.0,18058.0,7950.0,8501.0,86329.0,169355.0,14472.0,155685.0,57123.0,29369.0,331.0,193.0,42578704.0,250.0
131,"2019-20","Tamil Nadu","33","Urban","Handloom worker",69831.0,684.0,1.0,6.0,1798.0,2.0,1090.0,6.0,1889.0,777.0,28091.0,11190.0,9955.0,24914.0,11634.0,8317.0,3660.0,3748.0,45497.0,73136.0,9851.0,63567.0,19623.0,11104.0,145.0,72.0,19224467.0,262.0
132,"2019-20","Telangana","36","Rural","Handloom worker",32383.0,946.0,1.0,3.0,50.0,1.0,0.0,1.0,1532.0,235.0,26615.0,11877.0,3163.0,5333.0,2595.0,5040.0,2552.0,2825.0,24880.0,33272.0,4394.0,28991.0,11172.0,15597.0,727.0,223.0,8622801.0,258.0
133,"2019-20","Telangana","36","Urban","Handloom worker",14239.0,215.0,1.0,6.0,1.0,2.0,3.0,0.0,118.0,177.0,8621.0,3867.0,1326.0,2443.0,1379.0,2698.0,1336.0,1418.0,10408.0,14425.0,2506.0,11961.0,4374.0,7634.0,175.0,39.0,3731034.0,258.0
134,"2019-20","The Dadra and Nagar Haveli and Daman and Diu","38","Rural","Handloom worker","","","","","","","","","","","","","","","","","","","","","","","","","","","",""
135,"2019-20","The Dadra and Nagar Haveli and Daman and Diu","38","Urban","Handloom worker","","","","","","","","","","","","","","","","","","","","","","","","","","","",""
136,"2019-20","Tripura","16","Rural","Handloom worker",115821.0,5660.0,5.0,111.0,8892.0,4572.0,0.0,105.0,36515.0,66128.0,10657.0,23127.0,26633.0,29233.0,35368.0,14188.0,4097.0,2520.0,1415.0,131520.0,90587.0,44579.0,129751.0,3163.0,427.0,1073.0,21398110.0,158.0
137,"2019-20","Tripura","16","Urban","Handloom worker",2087.0,17.0,2.0,2.0,8.0,356.0,0.0,1.0,492.0,650.0,478.0,283.0,398.0,567.0,731.0,320.0,109.0,65.0,25.0,2404.0,1518.0,955.0,2003.0,426.0,3.0,15.0,466112.0,188.0
138,"2019-20","Uttar Pradesh","09","Rural","Handloom worker",26842.0,103264.0,10.0,93.0,18.0,13.0,2.0,118.0,14028.0,4953.0,109830.0,68175.0,13916.0,21935.0,11592.0,6852.0,4812.0,3078.0,48552.0,126403.0,29661.0,100699.0,75971.0,49790.0,161.0,210.0,33304095.0,255.0
139,"2019-20","Uttar Pradesh","09","Urban","Handloom worker",7762.0,52777.0,4.0,31.0,11.0,6.0,0.0,6.0,5241.0,2496.0,52266.0,27462.0,5891.0,11408.0,5995.0,4734.0,2781.0,2326.0,21169.0,58640.0,14036.0,46561.0,24026.0,29750.0,110.0,137.0,15474507.0,255.0
140,"2019-20","Uttarakhand","05","Rural","Handloom worker",3669.0,3107.0,0.0,205.0,0.0,37.0,0.0,14.0,915.0,1738.0,3895.0,3435.0,373.0,846.0,885.0,641.0,477.0,375.0,3083.0,6960.0,2889.0,4143.0,5240.0,1168.0,17.0,15.0,1647754.0,234.0
141,"2019-20","Uttarakhand","05","Urban","Handloom worker",645.0,4864.0,0.0,5.0,2.0,0.0,0.0,13.0,172.0,256.0,4961.0,3351.0,224.0,447.0,513.0,536.0,311.0,147.0,2479.0,5511.0,857.0,4672.0,3536.0,1651.0,8.0,22.0,1397710.0,253.0
142,"2019-20","West Bengal","19","Rural","Handloom worker",390448.0,156712.0,22.0,918.0,1704.0,115.0,27.0,743.0,114011.0,41957.0,89005.0,124086.0,150788.0,108669.0,86813.0,41005.0,20310.0,19018.0,153041.0,539531.0,186893.0,363796.0,252439.0,269763.0,3297.0,8587.0,131142148.0,238.0
143,"2019-20","West Bengal","19","Urban","Handloom worker",68783.0,11899.0,2.0,58.0,3.0,7.0,5.0,1.0,15596.0,2781.0,9910.0,9273.0,23460.0,21732.0,14591.0,6253.0,3582.0,1867.0,6053.0,80066.0,27812.0,52946.0,12643.0,65353.0,597.0,819.0,21000836.0,260.0
